{
  "project_info": {
    "project_number": "1082321455683",
    "firebase_url": "https://final-5b241.firebaseio.com",
    "project_id": "final-5b241",
    "storage_bucket": "final-5b241.appspot.com"
  },
  "client": [
    {
      "client_info": {
        "mobilesdk_app_id": "1:1082321455683:android:a2829be418bd8138",
        "android_client_info": {
          "package_name": "com.example.afinal"
        }
      },
      "oauth_client": [
        {
          "client_id": "1082321455683-4iee3l2n99b6fh4j24urrvvjjlrsroh4.apps.googleusercontent.com",
          "client_type": 1,
          "android_info": {
            "package_name": "com.example.afinal",
            "certificate_hash": "70899c3770e2d024eb3360a027dda480ad67761e"
          }
        },
        {
          "client_id": "1082321455683-je2c9pqbikmq33m8f51f9mjkdinmoc16.apps.googleusercontent.com",
          "client_type": 3
        }
      ],
      "api_key": [
        {
          "current_key": "AIzaSyDIXG2R2gGPMMJmdOoXM8nzMbVsAksKXXI"
        }
      ],
      "services": {
        "analytics_service": {
          "status": 1
        },
        "appinvite_service": {
          "status": 2,
          "other_platform_oauth_client": [
            {
              "client_id": "1082321455683-je2c9pqbikmq33m8f51f9mjkdinmoc16.apps.googleusercontent.com",
              "client_type": 3
            }
          ]
        },
        "ads_service": {
          "status": 2
        }
      }
    }
  ],
  "configuration_version": "1"
}